Close,Volume
150.0,60000000
154.99,59950041
159.93,59800665
164.78,59553364
169.47,59210609
173.97,58775825
178.23,58253356
182.21,57648421
185.87,56967067
189.17,56216099
192.07,55403023
194.56,54535961
196.6,53623577
198.18,52674988
199.27,51699671
199.87,50707372
199.98,49708005
199.58,48711556
198.69,47727980
197.32,46767105
195.46,45838532
193.16,44951539
190.42,44114989
187.29,43337240
183.77,42626063
179.92,41988564
175.78,41431113
171.37,40959279
166.75,40577777
161.96,40290419
157.06,40100076
152.08,40008649
147.08,40017053
142.11,40125203
137.22,40332019
132.46,40635434
127.87,41032416
123.51,41519000
119.41,42090323
115.61,42740677
112.16,43463564
109.09,44251761
106.42,45097392
104.19,45992009
102.42,46926672
101.12,47892043
100.32,48878475
100.0,49876114
100.19,50874989
100.88,51865123
102.05,52836621
103.71,53779777
105.83,54685166
108.39,55543743
111.36,56346928
114.72,57086697
118.44,57755658
122.47,58347127
126.77,58855195
131.31,59274784
136.03,59601702
140.89,59832684
145.85,59965420
150.84,59998586
155.83,59931849
160.76,59765876
165.58,59502325
170.24,59143831
174.71,58693974
178.92,58157251
182.85,57539022
186.45,56845466
189.68,56083513
192.52,55260775
194.94,54385473
196.9,53466353
198.4,52512598
199.41,51533738
199.93,50539554
199.95,49539979
199.47,48545000
198.49,47564559
197.04,46608452
195.11,45686232
192.73,44807114
189.92,43979881
186.72,43212800
183.15,42513534
179.25,41889070
175.05,41345648
170.61,40888698
165.95,40522784
161.14,40251564
156.22,40077747
151.24,40003070
146.24,40028279
141.28,40153122
136.41,40376352
131.68,40695738
127.12,41108089
122.8,41609285
118.75,42194319
115.01,42857344
111.62,43591736
108.61,44390158
106.02,45244631
103.86,46146619
102.17,47087108
100.95,48056701
100.23,49045712
100.0,50044256
100.27,51042360
101.04,52030048
102.3,52997453
104.03,53934908
106.23,54833047
108.86,55682896
111.9,56475963
115.32,57204324
119.09,57860702
123.17,58438539
127.52,58932061
132.09,59336336
136.84,59647326
141.72,59861923
146.68,59977982
151.68,59994345
156.66,59910848
161.58,59728325
166.37,59448600
171.01,59074467
175.43,58609666
179.6,58058839
183.48,57427491
187.02,56721930
190.19,55949206
192.96,55117039
195.3,54233745
197.18,53308148
198.6,52349498
199.53,51367372
199.97,50371583
199.9,49372083
199.34,48378856
198.28,47401827
196.74,46450758
194.74,45535152
192.29,44664157
189.41,43846476
186.14,43090279
182.51,42403121
178.56,41791870
174.32,41262631
169.84,40820693
165.16,40470471
160.32,40215466
155.39,40058224
150.4,40000318
145.4,40042324
140.46,40183825
135.6,40423406
130.9,40758672
126.38,41186276
122.1,41701943
118.09,42300521
114.41,42976030
111.08,43721720
108.14,44530141
105.62,45393215
103.54,46302318
101.93,47248367
100.8,48221910
100.15,49213219
100.01,50212388
100.37,51209435
101.22,52194399
102.56,53157437
104.37,54088927
106.64,54979562
109.34,55820442
112.45,56603167
115.93,57319914
119.76,57963524
123.88,58527565
128.27,59006401
132.88,59395248
137.65,59690221
142.55,59888373
147.52,59987723
152.52,59987279
157.49,59887046
162.39,59688024
167.17,59392203
171.77,59002538
176.15,58522923
180.28,57958149
184.1,57313860
187.58,56596494
190.68,55813218
193.38,54971857
195.65,54080820
197.46,53149009
198.79,52185733
199.64,51200619
199.99,50203508
199.84,49204365
199.2,48213170
198.06,47239829
196.44,46294067
194.36,45385333
191.83,44522708
188.89,43714810
185.56,42969711
181.87,42294857
177.87,41696989
173.58,41182083
169.06,40755283
164.35,40420852
159.5,40182134
154.55,40041512
149.56,40000392
144.57,40059185
139.63,40217303
134.8,40473167
130.12,40824220
125.64,41266954
121.4,41796946
117.45,42408900
113.83,43096702
110.56,43853479
107.69,44671670
105.24,45543100
103.24,46459063
101.71,47410405
100.65,48387621
100.1,49380948
100.04,50380459
100.48,51376169
101.41,52358130
102.83,53316528
104.72,54241790
107.06,55124668
109.84,55956343
113.01,56728503
116.55,57433435
120.43,58064094
124.61,58614180
129.03,59078195
133.67,59451505
138.47,59730377
143.38,59912028
148.36,59994640
153.36,59977389
158.32,59860448
163.2,59644984
167.95,59333151
172.52,58928064
176.87,58433770
180.94,57855209
184.71,57198162
188.13,56469193
191.17,55675586
193.79,54825270
195.98,53926742
197.71,52988979
198.97,52021351
199.73,51033526
200.0,50035375
199.77,49036871
199.04,48047990
197.82,47078612
196.12,46138424
193.96,45236820
191.37,44382808
188.36,43584921
184.96,42851131
181.22,42188770
177.16,41604457
172.84,41104029
168.28,40692487
163.55,40373942
158.67,40151578
153.71,40027615
148.72,40003294
143.73,40078857
138.81,40253548
134.0,40525622
129.35,40892362
124.91,41350102
120.72,41894269
116.82,42519425
113.25,43219325
110.05,43986976
107.25,44814706
104.87,45694246
102.95,46616808
101.49,47573174
100.53,48553788
100.05,49548852
100.08,50548422
100.6,51542514
101.62,52521194
103.12,53474682
105.08,54393453
107.5,55268326
110.34,56090559
113.58,56851938
117.18,57544854
121.11,58162385
125.33,58698359
129.8,59147423
134.47,59505089
139.29,59767783
144.22,59932880
149.2,59998731
154.2,59964679
159.15,59831062
164.01,59599217
168.74,59271460
173.27,58851065
177.57,58342233
181.6,57750049
185.31,57080428
188.67,56340062
191.64,55536349
194.19,54677318
196.31,53771553
197.96,52828103
199.13,51856397
199.81,50866141
200.0,49867233
199.68,48869650
198.87,47883361
197.57,46918221
195.79,45983873
193.56,45089653
190.89,44244496
187.81,43456845
184.36,42734572
180.56,42084892
176.45,41514298
172.09,41028490
167.5,40632322
162.73,40329753
157.84,40123806
152.87,40016538
147.88,40009022
142.9,40101333
137.99,40292548
133.21,40580756
128.59,40963078
124.19,41435695
120.04,41993883
116.19,42632065
112.69,43343866
109.55,44122172
106.82,44959208
104.52,45846610
102.67,46775511
101.3,47736630
100.41,48720364
100.02,49716883
100.13,50716231
100.74,51708423
101.83,52683545
103.41,53631854
105.46,54543874
107.95,55410494
110.86,56223054
114.16,56973435
117.82,57654140
121.8,58258367
126.07,58780080
130.57,59214064
135.27,59555985
140.11,59802426
145.05,59950924
150.04,59999996
155.04,59949151
159.98,59798897
164.82,59550736
169.51,59207147
174.01,58771564
178.27,58248337
182.24,57642697
185.9,56960693
189.19,56209140
192.1,55395547
194.58,54528044
196.62,53615298
198.19,52666429
199.28,51690918
199.88,50698512
199.98,49699128
199.58,48702749
198.68,47719331
197.3,46758701
195.45,45830458
193.14,44943875
190.4,44107811
187.26,43330620
183.74,42620067
179.89,41983252
175.74,41426538
171.33,40955487
166.71,40574806
161.92,40288298
157.01,40098826
152.03,40008284
147.04,40017575
142.07,40126608
137.18,40334292
132.42,40638553
127.83,41036350
123.47,41523709
119.37,42095761
115.58,42746789
112.13,43470288
109.06,44259031
106.4,45105135
104.17,46000147
102.41,46935125
101.11,47900725
100.31,48887301
100.0,49884995
100.2,50883836
100.89,51873848
102.07,52845137
103.73,53787998
105.85,54693011
108.41,55551133
111.39,56353789
114.75,57092961
118.47,57761262
122.5,58352015
126.81,58859318
131.35,59278101
136.07,59604180
140.94,59834298
145.89,59966155
150.89,59998433
155.87,59930810
160.8,59763961
165.62,59499555
170.28,59140232
174.74,58689582
178.96,58152110
182.88,57533184
186.48,56838989
189.71,56076461
192.55,55253219
194.95,54377489
196.92,53458020
198.41,52504000
199.42,51524961
199.93,50530685
199.95,49531107
199.46,48536214
198.48,47555946
197.02,46600098
195.09,45678221
192.71,44799526
189.9,43972792
186.69,43206280
183.12,42507649
179.21,41883879
175.01,41341202
170.57,40885041
165.91,40519954
161.1,40249589
156.18,40076646
151.19,40002854
146.2,40028950
141.24,40154674
136.37,40378769
131.63,40698996
127.08,41112156
122.76,41614120
118.71,42199873
114.97,42863563
111.59,43598557
108.58,44397513
105.99,45252446
103.84,46154816
102.16,47095605
100.94,48065414
100.22,49054553
100.0,50053138
100.28,51051193
101.05,52038744
102.31,53005925
104.05,53943072
106.25,54840821
108.88,55690202
111.93,56482728
115.36,57210481
119.13,57866189
123.21,58443301
127.56,58936051
132.13,59339514
136.88,59649660
141.76,59863389
146.73,59978567
151.73,59994043
156.71,59909661
161.62,59726265
166.42,59445688
171.05,59070732
175.47,58605145
179.64,58053577
183.51,57421541
187.05,56715352
190.22,55942065
192.98,55109407
195.32,54225697
197.2,53299765
198.61,52340864
199.54,51358573
199.97,50362708
199.9,49363219
199.33,48370093
198.27,47393251
196.73,46442456
194.72,45527206
192.26,44656647
189.39,43839477
186.11,43083861
182.48,42397349
178.52,41786800
174.28,41258314
169.8,40817173
165.11,40467783
160.28,40213636
155.34,40057271
150.35,40000251
145.36,40043145
140.41,40185524
135.56,40425967
130.86,40762070
126.34,41190475
122.06,41706902
118.06,42306191
114.38,42982354
111.05,43728636
108.12,44537578
105.6,45401099
103.53,46310571
101.92,47256907
100.79,48230651
100.15,49222073
100.01,50221267
100.37,51218251
101.23,52203063
102.57,53165863
104.39,54097030
106.66,54987262
109.37,55827662
112.48,56609834
115.97,57325963
119.79,57968893
123.92,58532201
128.31,59010257
132.92,59398286
137.69,59692411
142.59,59889692
147.57,59988159
152.57,59986827
157.54,59885711
162.43,59685819
167.21,59389150
171.81,58998668
176.19,58518274
180.31,57952768
184.13,57307801
187.61,56589816
190.71,55805989
193.4,54964149
195.67,54072710
197.47,53140578
198.8,52177065
199.64,51191801
199.99,50194628
199.84,49195512
199.19,48204433
198.05,47231294
196.42,46285820
194.34,45377456
191.81,44515279
188.86,43707904
185.53,42963397
181.84,42289198
177.83,41692043
173.54,41177898
169.02,40751900
164.31,40418307
159.46,40180450
154.51,40040708
149.51,40000475
144.52,40060154
139.59,40219149
134.76,40475871
130.08,40827755
125.6,41271284
121.37,41802029
117.42,42414685
113.79,43103130
110.53,43860487
107.67,44679188
105.22,45551053
103.22,46467370
101.69,47418984
100.65,48396387
100.09,49389812
100.04,50389334
100.48,51384966
101.42,52366760
102.84,53324906
104.74,54249831
107.09,55132293
109.86,55963474
113.04,56735071
116.59,57439373
120.47,58069343
124.64,58618688
129.07,59081916
133.71,59454402
138.51,59732422
143.43,59913199
148.41,59994927
153.4,59976788
158.37,59858965
163.25,59642635
167.99,59329958
172.56,58924059
176.9,58428995
180.98,57849710
184.74,57191994
188.16,56462417
191.19,55668271
193.82,54817489
196.0,53918572
197.73,52980502
198.98,52012652
199.74,51024692
200.0,50026493
199.76,49028031
199.03,48039280
197.81,47070119
196.1,46130233
193.94,45229013
191.34,44375462
188.33,43578110
184.93,42844923
181.18,42183228
177.13,41599635
172.8,41099976
168.24,40689243
163.5,40371540
158.63,40150041
153.67,40026960
148.67,40003526
143.69,40079974
138.77,40255539
133.96,40528468
129.31,40896033
124.87,41354562
120.68,41899473
116.79,42525322
113.22,43225856
110.02,43994075
107.22,44822303
104.85,45702264
102.93,46625168
101.48,47581791
100.52,48562577
100.05,49557724
100.08,50557290
100.61,51551289
101.63,52529787
103.13,53483009
105.1,54401430
107.52,55275873
110.37,56097601
113.61,56858404
117.22,57550680
121.15,58167513
125.37,58702738
129.84,59151008
134.51,59507844
139.33,59769682
144.26,59933903
149.25,59998869
154.24,59963929
159.2,59829433
164.06,59596724
168.78,59268128
173.31,58846928
177.61,58337332
181.63,57744433
185.34,57074153
188.69,56333192
191.66,55528950
194.21,54669466
196.32,53763326
197.97,52819583
199.14,51847669
199.82,50857293
199.99,49858352
199.67,48860826
198.86,47874682
197.55,46909773
195.77,45975741
193.54,45081918
190.86,44237235
187.78,43450131
184.32,42728472
180.52,42079467
176.42,41509602
172.05,41024570
167.46,40629217
162.69,40327495
157.8,40122416
152.83,40016032
147.83,40009403
142.86,40102598
137.95,40294684
133.17,40583742
128.55,40966885
124.15,41440283
120.01,41999208
116.16,42638073
112.66,43350497
109.52,44129360
106.79,44966881
104.5,45854691
102.66,46783919
101.29,47745282
100.41,48729173
100.02,49725761
100.13,50725089
100.74,51717173
101.85,52692099
103.43,53640127
105.48,54551784
107.97,55417961
110.89,56230004
114.19,56979798
117.86,57659853
121.84,58263372
126.11,58784327
130.61,59217512
135.31,59558599
140.15,59804179
145.1,59951799
150.09,59999984
155.08,59948252
160.02,59797121
164.86,59548100
169.55,59203678
174.05,58767295
178.31,58243313
182.28,57636966
185.93,56954313
189.22,56202175
192.12,55388067
194.6,54520123
196.63,53607015
198.2,52657868
199.29,51682164
199.88,50689652
199.98,49690250
199.57,48693943
198.67,47710685
197.29,46750301
195.43,45822387
193.12,44936214
190.37,44100637
187.23,43324005
183.71,42614077
179.85,41977946
175.7,41421970
171.29,40951702
166.67,40571842
161.88,40286184
156.97,40097584
151.99,40007926
146.99,40018105
142.03,40128020
137.14,40336573
132.38,40641679
127.79,41040291
123.43,41528425
119.34,42101204
115.55,42752906
112.1,43477018
109.04,44266305
106.38,45112882
104.16,46008289
102.39,46943580
101.1,47909410
100.31,48896128
100.0,49893876
100.2,50892683
100.89,51882572
102.08,52853650
103.74,53796216
105.87,54700852
108.44,55558518
111.42,56360645
114.79,57099219
118.51,57766859
122.54,58356896
126.85,58863433
131.39,59281410
136.11,59606651
140.98,59835904
145.93,59966881
150.93,59998271
155.92,59929763
160.84,59762039
165.66,59496776
170.32,59136625
174.78,58685184
178.99,58146963
182.92,57527340
186.51,56832507
189.74,56069405
192.57,55245660
194.97,54369502
196.93,53449685
198.42,52495401
199.42,51516183
199.93,50521816
199.94,49522236
199.45,48527428
198.47,47547335
197.01,46591747
195.07,45670213
192.68,44791942
189.87,43965707
186.66,43199766
183.08,42501769
179.17,41878693
174.97,41336762
170.52,40881392
165.87,40517131
161.06,40247620
156.13,40075552
151.15,40002646
146.15,40029630
141.2,40156234
136.33,40381194
131.59,40702262
127.04,41116230
122.72,41618962
118.68,42205434
114.94,42869787
111.56,43605383
108.56,44404872
105.97,45260265
103.83,46163016
102.14,47104105
100.94,48074129
100.22,49063396
100.0,50062019
100.28,51060024
101.06,52047438
102.33,53014395
104.07,53951232
106.27,54848590
108.91,55697503
111.96,56489488
115.39,57216632
119.16,57871670
123.25,58448057
127.6,58940034
132.17,59342684
136.92,59651986
141.81,59864849
146.77,59979145
151.77,59993732
156.75,59908466
161.66,59724197
166.46,59442768
171.09,59066990
175.51,58600617
179.68,58048309
183.54,57415586
187.08,56708768
190.24,55934919
193.0,55101770
195.34,54217646
197.21,53291380
198.62,52332228
199.54,51349773
199.97,50353832
199.9,49354356
199.32,48361331
198.26,47384678
196.71,46434157
194.7,45519264
192.24,44649142
189.36,43832484
186.08,43077449
182.45,42391582
178.49,41781736
174.24,41254004
169.76,40813660
165.07,40465102
160.24,40211814
155.3,40056326
150.31,40000192
145.32,40043973
140.37,40187231
135.52,40428535
130.81,40765474
126.3,41194681
122.02,41711868
118.03,42311868
114.35,42988685
111.03,43735556
108.09,44545020
105.58,45408988
103.51,46318828
101.91,47265449
100.78,48239393
100.15,49230928
100.01,50230146
100.38,51227066
101.24,52211726
102.59,53174287
104.41,54105131
106.68,54994958
109.39,55834877
112.51,56616496
116.0,57332005
119.83,57974255
123.96,58536829
128.35,59014106
132.96,59401317
137.74,59694593
142.64,59891004
147.61,59988587
152.61,59986368
157.58,59884368
162.48,59683606
167.25,59386090
171.85,58994790
176.23,58513618
180.35,57947380
184.16,57301735
187.64,56583133
190.74,55798755
193.43,54956438
195.68,54064597
197.48,53132144
198.81,52168396
199.65,51182982
199.99,50185748
199.83,49186659
199.18,48195696
198.03,47222761
196.41,46277575
194.32,45369582
191.78,44507855
188.83,43701003
185.5,42957090
181.8,42283546
177.79,41687103
173.5,41173719
168.98,40748525
164.27,40415769
159.41,40178775
154.46,40039911
149.47,40000565
144.48,40061131
139.55,40221002
134.72,40478582
130.04,40831296
125.56,41275622
121.33,41807118
117.38,42420475
113.76,43109564
110.51,43867500
107.64,44686710
105.2,45559009
103.21,46475680
101.68,47427566
100.64,48405154
100.09,49398678
100.04,50398208
100.49,51393761
101.43,52375388
102.86,53333281
104.76,54257869
107.11,55139913
109.89,55970602
113.07,56741634
116.62,57445305
120.5,58074586
